Path;SteerAngle;Throttle;Brake;Speed;X_Position;Y_Position;Pitch;Yaw;Roll
C:\Users\OZKANB\RoboND-Python-StarterKit\Udacity_Robotics_Project1\IMG\robocam_2017_09_05_15_03_18_501.jpg;0;0;1;0;43.33897;95.55199;0.0002371974;358.6785;-4.638955E-06
C:\Users\OZKANB\RoboND-Python-StarterKit\Udacity_Robotics_Project1\IMG\robocam_2017_09_05_15_03_18_535.jpg;0;0;0;0;43.33897;95.55199;0.0002374957;358.6785;-4.333628E-06
C:\Users\OZKANB\RoboND-Python-StarterKit\Udacity_Robotics_Project1\IMG\robocam_2017_09_05_15_03_18_577.jpg;0;0;0;0;43.33897;95.55199;0.0002378669;358.6785;-3.801075E-06
C:\Users\OZKANB\RoboND-Python-StarterKit\Udacity_Robotics_Project1\IMG\robocam_2017_09_05_15_03_18_655.jpg;-4.816173;0;0;0;43.33897;95.55199;0.0002368885;357.9461;-1.163139E-06
C:\Users\OZKANB\RoboND-Python-StarterKit\Udacity_Robotics_Project1\IMG\robocam_2017_09_05_15_03_18_733.jpg;-9.547436;0;0;0;43.33897;95.55199;0.0002356749;355.9331;6.253446E-06
C:\Users\OZKANB\RoboND-Python-StarterKit\Udacity_Robotics_Project1\IMG\robocam_2017_09_05_15_03_18_776.jpg;-7.166347;0;0;0;43.33897;95.55199;0.0002347758;355.0731;8.363219E-06
C:\Users\OZKANB\RoboND-Python-StarterKit\Udacity_Robotics_Project1\IMG\robocam_2017_09_05_15_03_18_816.jpg;-4.648866;0;0;0;43.33897;95.55199;0.000234155;354.5152;8.870667E-06
C:\Users\OZKANB\RoboND-Python-StarterKit\Udacity_Robotics_Project1\IMG\robocam_2017_09_05_15_03_18_896.jpg;0;0;0;0;43.33897;95.55199;0.0002340887;354.2477;5.867048E-06
C:\Users\OZKANB\RoboND-Python-StarterKit\Udacity_Robotics_Project1\IMG\robocam_2017_09_05_15_03_18_976.jpg;0;0;0;0;43.33897;95.55199;0.0002342553;354.2477;2.550834E-06
C:\Users\OZKANB\RoboND-Python-StarterKit\Udacity_Robotics_Project1\IMG\robocam_2017_09_05_15_03_19_016.jpg;0;0;0;0;43.33897;95.55199;0.000234459;354.2477;1.503249E-06
C:\Users\OZKANB\RoboND-Python-StarterKit\Udacity_Robotics_Project1\IMG\robocam_2017_09_05_15_03_19_097.jpg;0;0;0;0;43.33897;95.55199;0.0002354544;354.2477;-2.601602E-07
C:\Users\OZKANB\RoboND-Python-StarterKit\Udacity_Robotics_Project1\IMG\robocam_2017_09_05_15_03_19_173.jpg;0;0;0;0;43.33897;95.55199;0.0002363781;354.2477;-2.102725E-06
C:\Users\OZKANB\RoboND-Python-StarterKit\Udacity_Robotics_Project1\IMG\robocam_2017_09_05_15_03_19_256.jpg;0;0;0;0;43.33897;95.55199;0.0002367553;354.2477;-3.594953E-06
C:\Users\OZKANB\RoboND-Python-StarterKit\Udacity_Robotics_Project1\IMG\robocam_2017_09_05_15_03_19_298.jpg;0;0;0;0;43.33897;95.55199;0.0002369439;354.2477;-4.341066E-06
C:\Users\OZKANB\RoboND-Python-StarterKit\Udacity_Robotics_Project1\IMG\robocam_2017_09_05_15_03_19_378.jpg;0;0;0;0;43.33897;95.55199;0.0002373211;354.2477;-5.833281E-06
C:\Users\OZKANB\RoboND-Python-StarterKit\Udacity_Robotics_Project1\IMG\robocam_2017_09_05_15_03_19_457.jpg;0;0;0;0;43.33897;95.55199;0.0002376983;354.2477;-7.325509E-06
C:\Users\OZKANB\RoboND-Python-StarterKit\Udacity_Robotics_Project1\IMG\robocam_2017_09_05_15_03_19_499.jpg;0;0;0;0;43.33897;95.55199;0.0002377286;354.2477;-7.928463E-06
C:\Users\OZKANB\RoboND-Python-StarterKit\Udacity_Robotics_Project1\IMG\robocam_2017_09_05_15_03_19_574.jpg;0;0;0;0;43.33897;95.55199;0.0002377892;354.2477;-9.134358E-06
C:\Users\OZKANB\RoboND-Python-StarterKit\Udacity_Robotics_Project1\IMG\robocam_2017_09_05_15_03_19_652.jpg;0;0;0;0;43.33897;95.55199;0.0002380645;354.2477;-1.010279E-05
C:\Users\OZKANB\RoboND-Python-StarterKit\Udacity_Robotics_Project1\IMG\robocam_2017_09_05_15_03_19_692.jpg;0;0;0;0;43.33897;95.55199;0.0002377066;354.2477;-1.049856E-05
C:\Users\OZKANB\RoboND-Python-StarterKit\Udacity_Robotics_Project1\IMG\robocam_2017_09_05_15_03_19_734.jpg;0;0;0;0;43.33897;95.55199;0.0002374203;354.2477;-1.081519E-05
C:\Users\OZKANB\RoboND-Python-StarterKit\Udacity_Robotics_Project1\IMG\robocam_2017_09_05_15_03_19_812.jpg;0;0;0;0;43.33897;95.55199;0.0002369116;354.2477;-1.121853E-05
C:\Users\OZKANB\RoboND-Python-StarterKit\Udacity_Robotics_Project1\IMG\robocam_2017_09_05_15_03_19_858.jpg;0;0;0;0;43.33897;95.55199;0.0002369116;354.2477;-1.121853E-05
C:\Users\OZKANB\RoboND-Python-StarterKit\Udacity_Robotics_Project1\IMG\robocam_2017_09_05_15_03_19_935.jpg;0;0;0;0;43.33897;95.55199;0.0002369116;354.2477;-1.121853E-05
C:\Users\OZKANB\RoboND-Python-StarterKit\Udacity_Robotics_Project1\IMG\robocam_2017_09_05_15_03_19_975.jpg;0;0;0;0;43.33897;95.55199;0.0002370548;354.2477;-1.106022E-05
C:\Users\OZKANB\RoboND-Python-StarterKit\Udacity_Robotics_Project1\IMG\robocam_2017_09_05_15_03_20_055.jpg;0;0.1183697;0;0;43.33757;95.55212;359.9689;354.2485;-1.07272E-05
C:\Users\OZKANB\RoboND-Python-StarterKit\Udacity_Robotics_Project1\IMG\robocam_2017_09_05_15_03_20_095.jpg;0;0;0.2384107;-0.01692465;43.33865;95.55202;359.9937;354.2487;-8.148369E-06
C:\Users\OZKANB\RoboND-Python-StarterKit\Udacity_Robotics_Project1\IMG\robocam_2017_09_05_15_03_20_176.jpg;0;0;0.4779938;0;43.33866;95.55202;-0.005317426;354.2487;-3.479711E-06
C:\Users\OZKANB\RoboND-Python-StarterKit\Udacity_Robotics_Project1\IMG\robocam_2017_09_05_15_03_20_255.jpg;0;0;0.7181374;0;43.33866;95.55202;-0.004205203;354.2487;1.084726E-06
C:\Users\OZKANB\RoboND-Python-StarterKit\Udacity_Robotics_Project1\IMG\robocam_2017_09_05_15_03_20_335.jpg;0;0;0.95809;0;43.33867;95.55202;-0.003050513;354.2487;4.080333E-06
C:\Users\OZKANB\RoboND-Python-StarterKit\Udacity_Robotics_Project1\IMG\robocam_2017_09_05_15_03_20_376.jpg;0;0;1;0;43.33867;95.55202;-0.002470726;354.2487;5.09617E-06
C:\Users\OZKANB\RoboND-Python-StarterKit\Udacity_Robotics_Project1\IMG\robocam_2017_09_05_15_03_20_453.jpg;0;0;1;0;43.33867;95.55201;-0.001330729;354.2487;7.278129E-06
C:\Users\OZKANB\RoboND-Python-StarterKit\Udacity_Robotics_Project1\IMG\robocam_2017_09_05_15_03_20_493.jpg;0;0;1;0;43.33867;95.55201;-0.0007795449;354.2487;9.124054E-06
C:\Users\OZKANB\RoboND-Python-StarterKit\Udacity_Robotics_Project1\IMG\robocam_2017_09_05_15_03_20_533.jpg;0;0;1;0;43.33868;95.55201;-0.0002469579;354.2487;9.658001E-06
C:\Users\OZKANB\RoboND-Python-StarterKit\Udacity_Robotics_Project1\IMG\robocam_2017_09_05_15_03_20_615.jpg;0;0;1;0;43.33868;95.55201;0.0007487746;354.2487;1.078897E-05
C:\Users\OZKANB\RoboND-Python-StarterKit\Udacity_Robotics_Project1\IMG\robocam_2017_09_05_15_03_20_655.jpg;0;0;1;0;43.33868;95.55201;0.001206422;354.2487;1.103423E-05
C:\Users\OZKANB\RoboND-Python-StarterKit\Udacity_Robotics_Project1\IMG\robocam_2017_09_05_15_03_20_696.jpg;0;0;1;0;43.33868;95.55201;0.001632719;354.2487;1.114038E-05
C:\Users\OZKANB\RoboND-Python-StarterKit\Udacity_Robotics_Project1\IMG\robocam_2017_09_05_15_03_20_777.jpg;0;0;1;0;43.33868;95.552;0.002384745;354.2487;1.136315E-05
C:\Users\OZKANB\RoboND-Python-StarterKit\Udacity_Robotics_Project1\IMG\robocam_2017_09_05_15_03_20_857.jpg;0;0;1;0;43.33867;95.552;0.002991925;354.2487;1.005268E-05
C:\Users\OZKANB\RoboND-Python-StarterKit\Udacity_Robotics_Project1\IMG\robocam_2017_09_05_15_03_20_936.jpg;0;0;1;0;43.33867;95.552;0.003449125;354.2487;8.688855E-06
C:\Users\OZKANB\RoboND-Python-StarterKit\Udacity_Robotics_Project1\IMG\robocam_2017_09_05_15_03_20_977.jpg;0;0;1;0;43.33867;95.552;0.003620315;354.2487;7.6923E-06
C:\Users\OZKANB\RoboND-Python-StarterKit\Udacity_Robotics_Project1\IMG\robocam_2017_09_05_15_03_21_057.jpg;0;0;1;0;43.33868;95.552;0.003851063;354.2487;6.362656E-06
C:\Users\OZKANB\RoboND-Python-StarterKit\Udacity_Robotics_Project1\IMG\robocam_2017_09_05_15_03_21_136.jpg;0;0;1;0;43.33868;95.552;0.003937105;354.2487;5.244371E-06
C:\Users\OZKANB\RoboND-Python-StarterKit\Udacity_Robotics_Project1\IMG\robocam_2017_09_05_15_03_21_176.jpg;0;0;1;0;43.33868;95.552;0.003929519;354.2487;4.334527E-06
C:\Users\OZKANB\RoboND-Python-StarterKit\Udacity_Robotics_Project1\IMG\robocam_2017_09_05_15_03_21_254.jpg;0;0;1;0;43.33867;95.552;0.003821488;354.2487;2.458976E-06
C:\Users\OZKANB\RoboND-Python-StarterKit\Udacity_Robotics_Project1\IMG\robocam_2017_09_05_15_03_21_294.jpg;0;0;0;0;43.33867;95.552;0.003725408;354.2487;1.864086E-06
C:\Users\OZKANB\RoboND-Python-StarterKit\Udacity_Robotics_Project1\IMG\robocam_2017_09_05_15_03_21_375.jpg;0;0.1191788;0;0;43.33795;95.55208;359.9872;354.2483;-4.677412E-07
C:\Users\OZKANB\RoboND-Python-StarterKit\Udacity_Robotics_Project1\IMG\robocam_2017_09_05_15_03_21_454.jpg;0;0.3588544;0;0.01131069;43.34022;95.55184;0.0380568;354.2258;2.482948E-06
C:\Users\OZKANB\RoboND-Python-StarterKit\Udacity_Robotics_Project1\IMG\robocam_2017_09_05_15_03_21_541.jpg;0;0.5986284;0;0.04414792;43.34756;95.55109;0.1877269;354.0067;0.0005108595
C:\Users\OZKANB\RoboND-Python-StarterKit\Udacity_Robotics_Project1\IMG\robocam_2017_09_05_15_03_21_618.jpg;0;0.8446568;0;0.07824659;43.35603;95.55021;0.3531855;353.9761;0.0008139552
C:\Users\OZKANB\RoboND-Python-StarterKit\Udacity_Robotics_Project1\IMG\robocam_2017_09_05_15_03_21_657.jpg;0;0.9671463;0;0.1145154;43.36363;95.54935;0.4893653;353.9232;-0.001185588
C:\Users\OZKANB\RoboND-Python-StarterKit\Udacity_Robotics_Project1\IMG\robocam_2017_09_05_15_03_21_737.jpg;0;1;0;0.1767829;43.38313;95.5472;0.7935296;353.9352;-0.001244414
C:\Users\OZKANB\RoboND-Python-StarterKit\Udacity_Robotics_Project1\IMG\robocam_2017_09_05_15_03_21_778.jpg;0;1;0;0.2081895;43.39585;95.54587;0.9748503;354.0045;-0.00103471
C:\Users\OZKANB\RoboND-Python-StarterKit\Udacity_Robotics_Project1\IMG\robocam_2017_09_05_15_03_21_853.jpg;0;1;0;0.2727005;43.42367;95.54284;1.293929;354.0556;-0.003279647
C:\Users\OZKANB\RoboND-Python-StarterKit\Udacity_Robotics_Project1\IMG\robocam_2017_09_05_15_03_21_895.jpg;0;1;0;0.3078792;43.43782;95.54099;1.336994;354.2194;-0.005023317
C:\Users\OZKANB\RoboND-Python-StarterKit\Udacity_Robotics_Project1\IMG\robocam_2017_09_05_15_03_21_974.jpg;0;1;0;0.3789706;43.46539;95.53773;1.144453;354.1575;0.000244228
C:\Users\OZKANB\RoboND-Python-StarterKit\Udacity_Robotics_Project1\IMG\robocam_2017_09_05_15_03_22_014.jpg;0;1;0;0.4324634;43.48213;95.53594;1.087989;354.1816;-0.0007914307
C:\Users\OZKANB\RoboND-Python-StarterKit\Udacity_Robotics_Project1\IMG\robocam_2017_09_05_15_03_22_094.jpg;0;1;0;0.4982732;43.5213;95.53181;1.071826;354.2191;-0.00108667
C:\Users\OZKANB\RoboND-Python-StarterKit\Udacity_Robotics_Project1\IMG\robocam_2017_09_05_15_03_22_136.jpg;0;1;0;0.519547;43.54329;95.52953;1.096928;354.3047;-0.001336454
C:\Users\OZKANB\RoboND-Python-StarterKit\Udacity_Robotics_Project1\IMG\robocam_2017_09_05_15_03_22_177.jpg;0;1;0;0.5413556;43.56724;95.52706;1.149573;354.2856;0.0002871392
C:\Users\OZKANB\RoboND-Python-StarterKit\Udacity_Robotics_Project1\IMG\robocam_2017_09_05_15_03_22_220.jpg;0;1;0;0.5859759;43.60451;95.52317;1.213496;354.2515;-0.0002749768
C:\Users\OZKANB\RoboND-Python-StarterKit\Udacity_Robotics_Project1\IMG\robocam_2017_09_05_15_03_22_293.jpg;0;1;0;0.6400741;43.64428;95.51902;1.239271;354.2574;-0.001833694
C:\Users\OZKANB\RoboND-Python-StarterKit\Udacity_Robotics_Project1\IMG\robocam_2017_09_05_15_03_22_372.jpg;0;1;0;0.7031467;43.70137;95.51321;1.217414;354.3632;-0.0006380196
C:\Users\OZKANB\RoboND-Python-StarterKit\Udacity_Robotics_Project1\IMG\robocam_2017_09_05_15_03_22_413.jpg;0;1;0;0.7442549;43.73209;95.51008;1.204387;354.3405;-0.0002334519
C:\Users\OZKANB\RoboND-Python-StarterKit\Udacity_Robotics_Project1\IMG\robocam_2017_09_05_15_03_22_453.jpg;0;1;0;0.7849664;43.76379;95.50684;1.188001;354.3658;-0.00125996
C:\Users\OZKANB\RoboND-Python-StarterKit\Udacity_Robotics_Project1\IMG\robocam_2017_09_05_15_03_22_497.jpg;0;1;0;0.8107105;43.7972;95.50347;1.193662;354.4527;-0.001496883
C:\Users\OZKANB\RoboND-Python-StarterKit\Udacity_Robotics_Project1\IMG\robocam_2017_09_05_15_03_22_575.jpg;0;1;0;0.8839902;43.86844;95.49626;1.216155;354.5309;-0.001285112
C:\Users\OZKANB\RoboND-Python-StarterKit\Udacity_Robotics_Project1\IMG\robocam_2017_09_05_15_03_22_616.jpg;0;1;0;0.9099717;43.90612;95.49248;1.225764;354.5362;-0.0007161597
C:\Users\OZKANB\RoboND-Python-StarterKit\Udacity_Robotics_Project1\IMG\robocam_2017_09_05_15_03_22_658.jpg;0;1;0;0.9500036;43.94504;95.48859;1.230338;354.5329;-0.00066567
C:\Users\OZKANB\RoboND-Python-StarterKit\Udacity_Robotics_Project1\IMG\robocam_2017_09_05_15_03_22_736.jpg;0;1;0;1.015682;44.02641;95.48048;1.22113;354.5236;-0.0006639064
C:\Users\OZKANB\RoboND-Python-StarterKit\Udacity_Robotics_Project1\IMG\robocam_2017_09_05_15_03_22_777.jpg;0;1;0;1.047737;44.06873;95.47628;1.211247;354.5127;-4.969005E-05
C:\Users\OZKANB\RoboND-Python-StarterKit\Udacity_Robotics_Project1\IMG\robocam_2017_09_05_15_03_22_856.jpg;0;1;0;1.109426;44.15812;95.46735;1.2294;354.5045;-0.0008428153
C:\Users\OZKANB\RoboND-Python-StarterKit\Udacity_Robotics_Project1\IMG\robocam_2017_09_05_15_03_22_897.jpg;0;1;0;1.140914;44.20432;95.46272;1.225345;354.4935;-0.0007406578
C:\Users\OZKANB\RoboND-Python-StarterKit\Udacity_Robotics_Project1\IMG\robocam_2017_09_05_15_03_22_976.jpg;0;1;0;1.201757;44.30071;95.45306;1.228769;354.43;-0.0007141857
C:\Users\OZKANB\RoboND-Python-StarterKit\Udacity_Robotics_Project1\IMG\robocam_2017_09_05_15_03_23_016.jpg;0;1;0;1.233094;44.3507;95.448;1.229846;354.4199;-0.0009075035
C:\Users\OZKANB\RoboND-Python-StarterKit\Udacity_Robotics_Project1\IMG\robocam_2017_09_05_15_03_23_097.jpg;0;1;0;1.295679;44.45458;95.43745;1.23442;354.3889;-0.0009425713
C:\Users\OZKANB\RoboND-Python-StarterKit\Udacity_Robotics_Project1\IMG\robocam_2017_09_05_15_03_23_176.jpg;0;1;0;1.358805;44.56358;95.42631;1.242408;354.3546;-0.0008964596
C:\Users\OZKANB\RoboND-Python-StarterKit\Udacity_Robotics_Project1\IMG\robocam_2017_09_05_15_03_23_220.jpg;0;1;0;1.390159;44.64855;95.41759;1.245974;354.3382;-0.0009156752
C:\Users\OZKANB\RoboND-Python-StarterKit\Udacity_Robotics_Project1\IMG\robocam_2017_09_05_15_03_23_293.jpg;0;1;0;1.469899;44.73631;95.40855;1.24798;354.3246;-0.000946259
C:\Users\OZKANB\RoboND-Python-StarterKit\Udacity_Robotics_Project1\IMG\robocam_2017_09_05_15_03_23_337.jpg;0;1;0;1.484536;44.79641;95.40234;1.251603;354.3158;-0.000972093
C:\Users\OZKANB\RoboND-Python-StarterKit\Udacity_Robotics_Project1\IMG\robocam_2017_09_05_15_03_23_377.jpg;0;1;0;1.515716;44.85772;95.396;1.252929;354.3075;-0.0009373475
C:\Users\OZKANB\RoboND-Python-StarterKit\Udacity_Robotics_Project1\IMG\robocam_2017_09_05_15_03_23_418.jpg;0;1;0;1.547764;44.92031;95.38951;1.257942;354.3007;-0.0009994763
C:\Users\OZKANB\RoboND-Python-StarterKit\Udacity_Robotics_Project1\IMG\robocam_2017_09_05_15_03_23_497.jpg;0;1;0;1.609606;45.04911;95.37613;1.262142;354.2852;-0.0009920589
C:\Users\OZKANB\RoboND-Python-StarterKit\Udacity_Robotics_Project1\IMG\robocam_2017_09_05_15_03_23_538.jpg;0;1;0;1.640427;45.11535;95.36923;1.264392;354.2777;-0.0009938744
C:\Users\OZKANB\RoboND-Python-StarterKit\Udacity_Robotics_Project1\IMG\robocam_2017_09_05_15_03_23_579.jpg;0;1;0;1.671188;45.21704;95.35863;1.27014;354.2661;-0.00102873
C:\Users\OZKANB\RoboND-Python-StarterKit\Udacity_Robotics_Project1\IMG\robocam_2017_09_05_15_03_23_656.jpg;0;1;0;1.731652;45.32139;95.34774;1.271975;354.2562;-0.001036096
C:\Users\OZKANB\RoboND-Python-StarterKit\Udacity_Robotics_Project1\IMG\robocam_2017_09_05_15_03_23_698.jpg;0;1;0;1.763093;45.39251;95.3403;1.274996;354.2496;-0.001062411
C:\Users\OZKANB\RoboND-Python-StarterKit\Udacity_Robotics_Project1\IMG\robocam_2017_09_05_15_03_23_739.jpg;0;1;0;1.792742;45.50149;95.32888;1.281362;354.2386;-0.001092036
C:\Users\OZKANB\RoboND-Python-StarterKit\Udacity_Robotics_Project1\IMG\robocam_2017_09_05_15_03_23_817.jpg;0;1;0;1.854165;45.61314;95.31716;1.285092;354.2268;-0.001095827
C:\Users\OZKANB\RoboND-Python-StarterKit\Udacity_Robotics_Project1\IMG\robocam_2017_09_05_15_03_23_897.jpg;0;1;0;1.913914;45.76624;95.30105;1.291531;354.2115;-0.001112109
C:\Users\OZKANB\RoboND-Python-StarterKit\Udacity_Robotics_Project1\IMG\robocam_2017_09_05_15_03_23_938.jpg;0;1;0;1.944664;45.84454;95.29279;1.292486;354.2046;-0.001114565
C:\Users\OZKANB\RoboND-Python-StarterKit\Udacity_Robotics_Project1\IMG\robocam_2017_09_05_15_03_24_014.jpg;0;1;0;2.004576;46.00481;95.27586;1.299594;354.1897;-0.001151663
C:\Users\OZKANB\RoboND-Python-StarterKit\Udacity_Robotics_Project1\IMG\robocam_2017_09_05_15_03_24_057.jpg;0;1;0;2.034589;46.08669;95.2672;1.301153;354.1833;-0.001180059
C:\Users\OZKANB\RoboND-Python-StarterKit\Udacity_Robotics_Project1\IMG\robocam_2017_09_05_15_03_24_097.jpg;0;1;0;2.063709;46.16977;95.25839;1.303334;354.1746;-0.001165489
C:\Users\OZKANB\RoboND-Python-StarterKit\Udacity_Robotics_Project1\IMG\robocam_2017_09_05_15_03_24_176.jpg;0;1;0;2.123115;46.33944;95.24037;1.306254;354.1598;-0.001172482
C:\Users\OZKANB\RoboND-Python-StarterKit\Udacity_Robotics_Project1\IMG\robocam_2017_09_05_15_03_24_217.jpg;0;1;0;2.153386;46.42609;95.23116;1.310748;354.1521;-0.001214864
C:\Users\OZKANB\RoboND-Python-StarterKit\Udacity_Robotics_Project1\IMG\robocam_2017_09_05_15_03_24_257.jpg;0;1;0;2.182781;46.51382;95.2218;1.310495;354.1453;-0.001204029
C:\Users\OZKANB\RoboND-Python-StarterKit\Udacity_Robotics_Project1\IMG\robocam_2017_09_05_15_03_24_333.jpg;0;1;0;2.241666;46.69296;95.2027;1.318604;354.1296;-0.00124684
C:\Users\OZKANB\RoboND-Python-StarterKit\Udacity_Robotics_Project1\IMG\robocam_2017_09_05_15_03_24_374.jpg;0;1;0;2.270879;46.78418;95.19294;1.318164;354.1228;-0.001239047
C:\Users\OZKANB\RoboND-Python-StarterKit\Udacity_Robotics_Project1\IMG\robocam_2017_09_05_15_03_24_414.jpg;0;1;0;2.300325;46.87663;95.18304;1.320351;354.1146;-0.001260291
C:\Users\OZKANB\RoboND-Python-StarterKit\Udacity_Robotics_Project1\IMG\robocam_2017_09_05_15_03_24_493.jpg;0;1;0;2.358432;47.06497;95.16285;1.325207;354.101;-0.001297763
C:\Users\OZKANB\RoboND-Python-StarterKit\Udacity_Robotics_Project1\IMG\robocam_2017_09_05_15_03_24_533.jpg;0;1;0;2.386895;47.16084;95.15254;1.325006;354.0921;-0.001267713
C:\Users\OZKANB\RoboND-Python-StarterKit\Udacity_Robotics_Project1\IMG\robocam_2017_09_05_15_03_24_573.jpg;0;1;0;2.416591;47.25788;95.1421;1.326431;354.084;-0.001272304
C:\Users\OZKANB\RoboND-Python-StarterKit\Udacity_Robotics_Project1\IMG\robocam_2017_09_05_15_03_24_653.jpg;0;1;0;2.474173;47.45546;95.1208;1.333065;354.0687;-0.001318263
C:\Users\OZKANB\RoboND-Python-StarterKit\Udacity_Robotics_Project1\IMG\robocam_2017_09_05_15_03_24_693.jpg;0;1;0;2.502878;47.55598;95.10993;1.337443;354.0612;-0.001324297
C:\Users\OZKANB\RoboND-Python-StarterKit\Udacity_Robotics_Project1\IMG\robocam_2017_09_05_15_03_24_773.jpg;0;1;0;2.559647;47.76027;95.08782;1.336284;354.0459;-0.001329153
C:\Users\OZKANB\RoboND-Python-StarterKit\Udacity_Robotics_Project1\IMG\robocam_2017_09_05_15_03_24_814.jpg;0;1;0;2.58896;47.86411;95.07656;1.335661;354.0376;-0.001322855
C:\Users\OZKANB\RoboND-Python-StarterKit\Udacity_Robotics_Project1\IMG\robocam_2017_09_05_15_03_24_854.jpg;0;1;0;2.617399;47.96918;95.06515;1.340075;354.0308;-0.0009169902
C:\Users\OZKANB\RoboND-Python-StarterKit\Udacity_Robotics_Project1\IMG\robocam_2017_09_05_15_03_24_894.jpg;0;1;0;2.646256;48.07541;95.05359;1.347126;354.0206;-0.00135542
C:\Users\OZKANB\RoboND-Python-StarterKit\Udacity_Robotics_Project1\IMG\robocam_2017_09_05_15_03_24_973.jpg;0;1;0;2.701638;48.29101;95.03009;1.348373;354.0036;-0.001378693
C:\Users\OZKANB\RoboND-Python-StarterKit\Udacity_Robotics_Project1\IMG\robocam_2017_09_05_15_03_25_018.jpg;0;1;0;2.730646;48.40047;95.01813;1.347413;353.9951;-0.001384884
C:\Users\OZKANB\RoboND-Python-StarterKit\Udacity_Robotics_Project1\IMG\robocam_2017_09_05_15_03_25_094.jpg;0;1;0;2.787336;48.62292;94.99377;1.355949;353.9776;-0.001404104
C:\Users\OZKANB\RoboND-Python-StarterKit\Udacity_Robotics_Project1\IMG\robocam_2017_09_05_15_03_25_174.jpg;0;1;0;2.842585;48.84977;94.96887;1.362672;353.9608;-0.001456309
C:\Users\OZKANB\RoboND-Python-StarterKit\Udacity_Robotics_Project1\IMG\robocam_2017_09_05_15_03_25_254.jpg;0;1;0;2.898395;49.08094;94.94342;1.363467;353.9451;-0.001465491
C:\Users\OZKANB\RoboND-Python-StarterKit\Udacity_Robotics_Project1\IMG\robocam_2017_09_05_15_03_25_296.jpg;0;1;0;2.926201;49.19815;94.93049;1.362034;353.9371;-0.001450651
C:\Users\OZKANB\RoboND-Python-StarterKit\Udacity_Robotics_Project1\IMG\robocam_2017_09_05_15_03_25_373.jpg;0;1;0;2.982037;49.43599;94.90418;1.36705;353.9193;-0.001453109
C:\Users\OZKANB\RoboND-Python-StarterKit\Udacity_Robotics_Project1\IMG\robocam_2017_09_05_15_03_25_413.jpg;0;1;0;3.008884;49.55653;94.89084;1.368636;353.9101;-0.001474835
C:\Users\OZKANB\RoboND-Python-StarterKit\Udacity_Robotics_Project1\IMG\robocam_2017_09_05_15_03_25_497.jpg;0;1;0;3.063909;49.80093;94.86369;1.374595;353.8922;-0.001390824
C:\Users\OZKANB\RoboND-Python-StarterKit\Udacity_Robotics_Project1\IMG\robocam_2017_09_05_15_03_25_577.jpg;-1.780459;1;0;3.118412;50.04955;94.83553;1.377384;353.787;-0.001114016
C:\Users\OZKANB\RoboND-Python-StarterKit\Udacity_Robotics_Project1\IMG\robocam_2017_09_05_15_03_25_618.jpg;-3.567532;1;0;3.145623;50.17531;94.82021;1.377275;353.5513;-0.0003457181
C:\Users\OZKANB\RoboND-Python-StarterKit\Udacity_Robotics_Project1\IMG\robocam_2017_09_05_15_03_25_697.jpg;-7.166748;1;0;3.19854;50.42936;94.78543;1.37062;352.5685;0.001718124
C:\Users\OZKANB\RoboND-Python-StarterKit\Udacity_Robotics_Project1\IMG\robocam_2017_09_05_15_03_25_772.jpg;-10.6676;1;0;3.249402;50.68547;94.74192;1.327172;350.8532;359.9228
C:\Users\OZKANB\RoboND-Python-StarterKit\Udacity_Robotics_Project1\IMG\robocam_2017_09_05_15_03_25_853.jpg;-7.157843;1;0;3.300627;50.94301;94.69178;1.195589;349.0484;359.8349
C:\Users\OZKANB\RoboND-Python-StarterKit\Udacity_Robotics_Project1\IMG\robocam_2017_09_05_15_03_25_933.jpg;-3.506104;1;0;3.355336;51.20378;94.63668;1.055307;347.8577;359.7367
C:\Users\OZKANB\RoboND-Python-StarterKit\Udacity_Robotics_Project1\IMG\robocam_2017_09_05_15_03_26_012.jpg;0;1;0;3.408701;51.46902;94.57944;0.9458919;347.3856;359.6755
C:\Users\OZKANB\RoboND-Python-StarterKit\Udacity_Robotics_Project1\IMG\robocam_2017_09_05_15_03_26_092.jpg;0;1;0;3.461014;51.73944;94.52061;0.9064565;347.325;359.6417
C:\Users\OZKANB\RoboND-Python-StarterKit\Udacity_Robotics_Project1\IMG\robocam_2017_09_05_15_03_26_174.jpg;-3.592288;1;0;3.512019;52.01377;94.45847;0.8944002;347.0216;359.6245
C:\Users\OZKANB\RoboND-Python-StarterKit\Udacity_Robotics_Project1\IMG\robocam_2017_09_05_15_03_26_253.jpg;-7.273014;1;0;3.562305;52.29045;94.38945;0.8812918;346.0402;359.5649
C:\Users\OZKANB\RoboND-Python-StarterKit\Udacity_Robotics_Project1\IMG\robocam_2017_09_05_15_03_26_294.jpg;-9.066091;1;0;3.586367;52.42893;94.35179;0.8471735;345.2622;359.5244
C:\Users\OZKANB\RoboND-Python-StarterKit\Udacity_Robotics_Project1\IMG\robocam_2017_09_05_15_03_26_335.jpg;-10.87921;1;0;3.610158;52.56707;94.31142;0.7846105;344.2834;359.4705
C:\Users\OZKANB\RoboND-Python-StarterKit\Udacity_Robotics_Project1\IMG\robocam_2017_09_05_15_03_26_415.jpg;-14.41227;1;0;3.656027;52.84119;94.2207;0.569066;341.7484;359.2863
C:\Users\OZKANB\RoboND-Python-StarterKit\Udacity_Robotics_Project1\IMG\robocam_2017_09_05_15_03_26_495.jpg;-13.24397;1;0;3.698703;53.11161;94.11635;0.2338409;338.826;359.0109
C:\Users\OZKANB\RoboND-Python-StarterKit\Udacity_Robotics_Project1\IMG\robocam_2017_09_05_15_03_26_574.jpg;-9.617351;1;0;3.745712;53.38154;94.00134;359.8974;336.459;358.7611
C:\Users\OZKANB\RoboND-Python-StarterKit\Udacity_Robotics_Project1\IMG\robocam_2017_09_05_15_03_26_656.jpg;-6.028148;1;0;3.782288;53.6587;93.87863;359.9494;335.0094;358.8109
C:\Users\OZKANB\RoboND-Python-StarterKit\Udacity_Robotics_Project1\IMG\robocam_2017_09_05_15_03_26_696.jpg;-4.146928;1;0;3.797674;53.79872;93.81448;0.03278384;334.468;358.929
C:\Users\OZKANB\RoboND-Python-StarterKit\Udacity_Robotics_Project1\IMG\robocam_2017_09_05_15_03_26_776.jpg;-0.5629172;1;0;3.859333;54.08004;93.67948;0.2044315;333.7666;359.1276
C:\Users\OZKANB\RoboND-Python-StarterKit\Udacity_Robotics_Project1\IMG\robocam_2017_09_05_15_03_26_817.jpg;-2.374118;1;0;3.884832;54.22148;93.60934;0.3083898;333.5335;359.1988
C:\Users\OZKANB\RoboND-Python-StarterKit\Udacity_Robotics_Project1\IMG\robocam_2017_09_05_15_03_26_897.jpg;-2.502406;1;0;3.932975;54.5054;93.46457;0.5211397;332.8961;359.3162
C:\Users\OZKANB\RoboND-Python-StarterKit\Udacity_Robotics_Project1\IMG\robocam_2017_09_05_15_03_26_975.jpg;0;1;0;3.982831;54.79266;93.31781;0.7208218;332.6085;359.4972
C:\Users\OZKANB\RoboND-Python-StarterKit\Udacity_Robotics_Project1\IMG\robocam_2017_09_05_15_03_27_016.jpg;0;1;0;4.007712;54.93764;93.24343;0.8275857;332.5699;359.593
C:\Users\OZKANB\RoboND-Python-StarterKit\Udacity_Robotics_Project1\IMG\robocam_2017_09_05_15_03_27_096.jpg;0;1;0;4.05702;55.23043;93.09278;1.066466;332.5686;359.7781
C:\Users\OZKANB\RoboND-Python-StarterKit\Udacity_Robotics_Project1\IMG\robocam_2017_09_05_15_03_27_175.jpg;0;1;0;4.105492;55.52707;92.94029;1.324887;332.6065;359.9651
C:\Users\OZKANB\RoboND-Python-StarterKit\Udacity_Robotics_Project1\IMG\robocam_2017_09_05_15_03_27_216.jpg;0;1;0;4.129749;55.67617;92.86257;1.44782;332.6008;-0.001166787
C:\Users\OZKANB\RoboND-Python-StarterKit\Udacity_Robotics_Project1\IMG\robocam_2017_09_05_15_03_27_295.jpg;0;1;0;4.178967;55.97365;92.70633;1.494309;332.5824;-0.002741065
C:\Users\OZKANB\RoboND-Python-StarterKit\Udacity_Robotics_Project1\IMG\robocam_2017_09_05_15_03_27_338.jpg;0;1;0;4.2098;56.12291;92.62799;1.453658;332.574;-0.00136605
C:\Users\OZKANB\RoboND-Python-StarterKit\Udacity_Robotics_Project1\IMG\robocam_2017_09_05_15_03_27_412.jpg;0;1;0;4.259515;56.42442;92.46966;1.401708;332.5412;-0.001186193
C:\Users\OZKANB\RoboND-Python-StarterKit\Udacity_Robotics_Project1\IMG\robocam_2017_09_05_15_03_27_492.jpg;0;1;0;4.307745;56.72987;92.30917;1.387296;332.5033;-0.001193338
C:\Users\OZKANB\RoboND-Python-StarterKit\Udacity_Robotics_Project1\IMG\robocam_2017_09_05_15_03_27_532.jpg;0;1;0;4.331787;56.88403;92.22812;1.391878;332.484;-0.001213624
C:\Users\OZKANB\RoboND-Python-StarterKit\Udacity_Robotics_Project1\IMG\robocam_2017_09_05_15_03_27_611.jpg;0;1;0;4.379745;57.19512;92.06438;1.419924;332.4454;-0.001262478
C:\Users\OZKANB\RoboND-Python-StarterKit\Udacity_Robotics_Project1\IMG\robocam_2017_09_05_15_03_27_656.jpg;0;1;0;4.403665;57.35202;91.9817;1.441527;332.426;-0.001303484
C:\Users\OZKANB\RoboND-Python-StarterKit\Udacity_Robotics_Project1\IMG\robocam_2017_09_05_15_03_27_737.jpg;0;1;0;4.451404;57.66835;91.81477;1.491129;332.3856;-0.001849633
C:\Users\OZKANB\RoboND-Python-StarterKit\Udacity_Robotics_Project1\IMG\robocam_2017_09_05_15_03_27_777.jpg;0;1;0;4.474885;57.82754;91.73064;1.501282;332.3643;-0.001829518
C:\Users\OZKANB\RoboND-Python-StarterKit\Udacity_Robotics_Project1\IMG\robocam_2017_09_05_15_03_27_856.jpg;0;1;0;4.525198;58.14769;91.56124;1.471941;332.3226;-0.001322184
C:\Users\OZKANB\RoboND-Python-StarterKit\Udacity_Robotics_Project1\IMG\robocam_2017_09_05_15_03_27_935.jpg;1.779295;1;0;4.572579;58.4715;91.38998;1.460308;332.3476;-0.001801834
C:\Users\OZKANB\RoboND-Python-StarterKit\Udacity_Robotics_Project1\IMG\robocam_2017_09_05_15_03_27_977.jpg;3.593951;1;0;4.596056;58.63516;91.30443;1.461881;332.514;-0.00250568
C:\Users\OZKANB\RoboND-Python-StarterKit\Udacity_Robotics_Project1\IMG\robocam_2017_09_05_15_03_28_056.jpg;7.166434;1;0;4.642064;58.96658;91.13607;1.445183;333.3263;0.03974487
C:\Users\OZKANB\RoboND-Python-StarterKit\Udacity_Robotics_Project1\IMG\robocam_2017_09_05_15_03_28_131.jpg;3.701621;1;0;4.688909;59.30243;90.97064;1.367654;334.2979;0.09503409
C:\Users\OZKANB\RoboND-Python-StarterKit\Udacity_Robotics_Project1\IMG\robocam_2017_09_05_15_03_28_173.jpg;1.905718;1;0;4.712688;59.47194;90.88837;1.317685;334.629;0.1230013
C:\Users\OZKANB\RoboND-Python-StarterKit\Udacity_Robotics_Project1\IMG\robocam_2017_09_05_15_03_28_213.jpg;0.02983689;1;0;4.736403;59.6426;90.80604;1.274309;334.8071;0.1549155
C:\Users\OZKANB\RoboND-Python-StarterKit\Udacity_Robotics_Project1\IMG\robocam_2017_09_05_15_03_28_254.jpg;0;1;0;4.760103;59.81424;90.72353;1.233168;334.8853;0.1805283
C:\Users\OZKANB\RoboND-Python-StarterKit\Udacity_Robotics_Project1\IMG\robocam_2017_09_05_15_03_28_335.jpg;0;1;0;4.805795;60.16068;90.55788;1.171792;334.9137;0.2187288
C:\Users\OZKANB\RoboND-Python-StarterKit\Udacity_Robotics_Project1\IMG\robocam_2017_09_05_15_03_28_377.jpg;0;1;0;4.829261;60.33549;90.47459;1.155084;334.9012;0.2303909
C:\Users\OZKANB\RoboND-Python-StarterKit\Udacity_Robotics_Project1\IMG\robocam_2017_09_05_15_03_28_454.jpg;0;1;0;4.874755;60.68805;90.30672;1.15023;334.8568;0.2329973
C:\Users\OZKANB\RoboND-Python-StarterKit\Udacity_Robotics_Project1\IMG\robocam_2017_09_05_15_03_28_495.jpg;0;1;0;4.897405;60.86575;90.22208;1.161108;334.8303;0.2232761
C:\Users\OZKANB\RoboND-Python-StarterKit\Udacity_Robotics_Project1\IMG\robocam_2017_09_05_15_03_28_572.jpg;0;1;0;4.94251;61.2239;90.0513;1.206355;334.7733;0.1831188
C:\Users\OZKANB\RoboND-Python-StarterKit\Udacity_Robotics_Project1\IMG\robocam_2017_09_05_15_03_28_652.jpg;1.791026;1;0;4.987367;61.58578;89.87893;1.27743;334.7773;0.1275691
C:\Users\OZKANB\RoboND-Python-StarterKit\Udacity_Robotics_Project1\IMG\robocam_2017_09_05_15_03_28_732.jpg;1.828863;1;0;5.00895;61.9504;89.708;1.372477;335.1006;0.09804117
C:\Users\OZKANB\RoboND-Python-StarterKit\Udacity_Robotics_Project1\IMG\robocam_2017_09_05_15_03_28_811.jpg;0;1;0;5.000433;62.31466;89.53624;1.461895;335.2391;0.008621437
C:\Users\OZKANB\RoboND-Python-StarterKit\Udacity_Robotics_Project1\IMG\robocam_2017_09_05_15_03_28_893.jpg;0;1;0;4.992403;62.67894;89.3671;1.490218;335.299;-0.003878565
C:\Users\OZKANB\RoboND-Python-StarterKit\Udacity_Robotics_Project1\IMG\robocam_2017_09_05_15_03_28_972.jpg;0;1;0;5.016009;63.04277;89.19865;1.480086;335.3012;-0.005689311
C:\Users\OZKANB\RoboND-Python-StarterKit\Udacity_Robotics_Project1\IMG\robocam_2017_09_05_15_03_29_051.jpg;0;1;0;4.972088;63.40462;89.03069;1.373228;335.286;-0.001536327
C:\Users\OZKANB\RoboND-Python-StarterKit\Udacity_Robotics_Project1\IMG\robocam_2017_09_05_15_03_29_094.jpg;0;1;0;5.0132;63.58602;88.9463;1.342128;335.2653;-0.001344689
C:\Users\OZKANB\RoboND-Python-StarterKit\Udacity_Robotics_Project1\IMG\robocam_2017_09_05_15_03_29_138.jpg;0;1;0;5.01397;63.76759;88.86177;1.322707;335.244;-0.001347027
C:\Users\OZKANB\RoboND-Python-StarterKit\Udacity_Robotics_Project1\IMG\robocam_2017_09_05_15_03_29_212.jpg;0;1;0;5.024011;64.13069;88.69251;1.30544;335.2032;-0.001372744
C:\Users\OZKANB\RoboND-Python-StarterKit\Udacity_Robotics_Project1\IMG\robocam_2017_09_05_15_03_29_252.jpg;0;1;0;5.014986;64.31255;88.60764;1.312419;335.1817;-0.00129797
C:\Users\OZKANB\RoboND-Python-StarterKit\Udacity_Robotics_Project1\IMG\robocam_2017_09_05_15_03_29_332.jpg;0;1;0;5.00513;64.67638;88.43764;1.344425;335.1359;-0.001166362
C:\Users\OZKANB\RoboND-Python-StarterKit\Udacity_Robotics_Project1\IMG\robocam_2017_09_05_15_03_29_412.jpg;0;1;0;5.014312;65.04106;88.26922;1.357119;335.1791;0.1116394
C:\Users\OZKANB\RoboND-Python-StarterKit\Udacity_Robotics_Project1\IMG\robocam_2017_09_05_15_03_29_452.jpg;0;1;0;5.019777;65.22285;88.18349;1.363729;335.1785;0.075382
C:\Users\OZKANB\RoboND-Python-StarterKit\Udacity_Robotics_Project1\IMG\robocam_2017_09_05_15_03_29_492.jpg;0;1;0;5.035206;65.40307;88.09839;1.328281;335.1871;0.01457559
C:\Users\OZKANB\RoboND-Python-StarterKit\Udacity_Robotics_Project1\IMG\robocam_2017_09_05_15_03_29_572.jpg;0;1;0;5.008439;65.76644;87.92944;1.316022;335.1203;-0.00232768
C:\Users\OZKANB\RoboND-Python-StarterKit\Udacity_Robotics_Project1\IMG\robocam_2017_09_05_15_03_29_613.jpg;0;1;0;5.000888;65.94855;87.84556;1.316506;335.1519;0.02404397
C:\Users\OZKANB\RoboND-Python-StarterKit\Udacity_Robotics_Project1\IMG\robocam_2017_09_05_15_03_29_692.jpg;0;1;0;5.014138;66.3128;87.67591;1.351976;335.1502;-0.003409534
C:\Users\OZKANB\RoboND-Python-StarterKit\Udacity_Robotics_Project1\IMG\robocam_2017_09_05_15_03_29_732.jpg;0;1;0;5.01757;66.49582;87.59103;1.397454;335.1801;-0.002333043
C:\Users\OZKANB\RoboND-Python-StarterKit\Udacity_Robotics_Project1\IMG\robocam_2017_09_05_15_03_29_814.jpg;0;1;0;5.010955;66.8601;87.42155;1.462592;335.1235;-0.002303378
C:\Users\OZKANB\RoboND-Python-StarterKit\Udacity_Robotics_Project1\IMG\robocam_2017_09_05_15_03_29_893.jpg;0;1;0;5.006313;67.22409;87.25142;1.49601;335.1011;-0.00471225
C:\Users\OZKANB\RoboND-Python-StarterKit\Udacity_Robotics_Project1\IMG\robocam_2017_09_05_15_03_29_932.jpg;0;1;0;5.005159;67.40491;87.16673;1.451149;335.0875;-0.001826968
C:\Users\OZKANB\RoboND-Python-StarterKit\Udacity_Robotics_Project1\IMG\robocam_2017_09_05_15_03_30_012.jpg;0;1;0;5.013683;67.76735;86.99653;1.402225;335.0436;-0.001433435
C:\Users\OZKANB\RoboND-Python-StarterKit\Udacity_Robotics_Project1\IMG\robocam_2017_09_05_15_03_30_093.jpg;0;1;0;5.017504;68.13023;86.82575;1.388794;335.002;-0.001579625
C:\Users\OZKANB\RoboND-Python-StarterKit\Udacity_Robotics_Project1\IMG\robocam_2017_09_05_15_03_30_172.jpg;0;1;0;5.01548;68.49294;86.65475;1.394866;334.9476;-0.00137082
C:\Users\OZKANB\RoboND-Python-StarterKit\Udacity_Robotics_Project1\IMG\robocam_2017_09_05_15_03_30_212.jpg;0;1;0;5.008934;68.67452;86.569;1.409322;334.924;-0.001321668
C:\Users\OZKANB\RoboND-Python-StarterKit\Udacity_Robotics_Project1\IMG\robocam_2017_09_05_15_03_30_292.jpg;0;1;0;4.999712;69.03757;86.39728;1.447312;334.8633;-0.0006691985
C:\Users\OZKANB\RoboND-Python-StarterKit\Udacity_Robotics_Project1\IMG\robocam_2017_09_05_15_03_30_372.jpg;0;1;0;5.013969;69.40103;86.22491;1.503998;334.82;-0.001673386
C:\Users\OZKANB\RoboND-Python-StarterKit\Udacity_Robotics_Project1\IMG\robocam_2017_09_05_15_03_30_452.jpg;0;1;0;5.016298;69.76319;86.05267;1.497937;334.8035;-0.003549709
C:\Users\OZKANB\RoboND-Python-StarterKit\Udacity_Robotics_Project1\IMG\robocam_2017_09_05_15_03_30_533.jpg;0;1;0;4.990345;70.12527;85.88029;1.492199;334.8738;-0.0009940228
C:\Users\OZKANB\RoboND-Python-StarterKit\Udacity_Robotics_Project1\IMG\robocam_2017_09_05_15_03_30_613.jpg;0;1;0;5.016971;70.48805;85.70777;1.513355;334.7834;0.0001152463
C:\Users\OZKANB\RoboND-Python-StarterKit\Udacity_Robotics_Project1\IMG\robocam_2017_09_05_15_03_30_655.jpg;0;1;0;5.023874;70.66903;85.62173;1.519939;334.8733;-0.001796438
C:\Users\OZKANB\RoboND-Python-StarterKit\Udacity_Robotics_Project1\IMG\robocam_2017_09_05_15_03_30_735.jpg;0;1;0;5.034104;71.02892;85.45063;1.389893;334.8278;-0.001127046
C:\Users\OZKANB\RoboND-Python-StarterKit\Udacity_Robotics_Project1\IMG\robocam_2017_09_05_15_03_30_776.jpg;0;1;0;5.008434;71.20945;85.36478;1.350312;334.8027;-0.001235273
C:\Users\OZKANB\RoboND-Python-StarterKit\Udacity_Robotics_Project1\IMG\robocam_2017_09_05_15_03_30_855.jpg;0;1;0;5.00858;71.5709;85.19278;1.305046;334.7514;-0.00100622
C:\Users\OZKANB\RoboND-Python-StarterKit\Udacity_Robotics_Project1\IMG\robocam_2017_09_05_15_03_30_895.jpg;0;1;0;5.004408;71.75173;85.10665;1.295971;334.7162;-0.0005523194
C:\Users\OZKANB\RoboND-Python-StarterKit\Udacity_Robotics_Project1\IMG\robocam_2017_09_05_15_03_30_937.jpg;0;1;0;4.994374;71.93295;85.02025;1.2994;334.6954;-0.001427503
C:\Users\OZKANB\RoboND-Python-StarterKit\Udacity_Robotics_Project1\IMG\robocam_2017_09_05_15_03_31_017.jpg;0;1;0;5.016674;72.29549;84.84712;1.329;334.66;-0.001698399
C:\Users\OZKANB\RoboND-Python-StarterKit\Udacity_Robotics_Project1\IMG\robocam_2017_09_05_15_03_31_096.jpg;0;1;0;5.016446;72.65783;84.67373;1.372056;334.5979;-0.001388421
C:\Users\OZKANB\RoboND-Python-StarterKit\Udacity_Robotics_Project1\IMG\robocam_2017_09_05_15_03_31_177.jpg;3.576769;1;0;5.004905;73.02107;84.50122;1.434277;334.8007;-0.002147273
C:\Users\OZKANB\RoboND-Python-StarterKit\Udacity_Robotics_Project1\IMG\robocam_2017_09_05_15_03_31_254.jpg;3.788359;1;0;5.014447;73.38634;84.33204;1.502871;335.4374;0.02655365
C:\Users\OZKANB\RoboND-Python-StarterKit\Udacity_Robotics_Project1\IMG\robocam_2017_09_05_15_03_31_336.jpg;0.2150262;1;0;5.02382;73.75037;84.16425;1.493181;335.8405;-0.00258002
C:\Users\OZKANB\RoboND-Python-StarterKit\Udacity_Robotics_Project1\IMG\robocam_2017_09_05_15_03_31_415.jpg;0;1;0;5.009152;74.11559;83.9977;1.506402;335.9115;-0.0009544218
C:\Users\OZKANB\RoboND-Python-StarterKit\Udacity_Robotics_Project1\IMG\robocam_2017_09_05_15_03_31_456.jpg;0;1;0;5.006261;74.29833;83.91463;1.518001;335.8991;-0.0008090209
C:\Users\OZKANB\RoboND-Python-StarterKit\Udacity_Robotics_Project1\IMG\robocam_2017_09_05_15_03_31_534.jpg;0;1;0;5.006958;74.66283;83.7492;1.465303;335.6524;0.005969296
C:\Users\OZKANB\RoboND-Python-StarterKit\Udacity_Robotics_Project1\IMG\robocam_2017_09_05_15_03_31_574.jpg;1.931102;1;0;5.000395;74.84468;83.66721;1.428229;335.6296;0.01115252
C:\Users\OZKANB\RoboND-Python-StarterKit\Udacity_Robotics_Project1\IMG\robocam_2017_09_05_15_03_31_654.jpg;5.515039;1;0;5.019725;75.21149;83.5034;1.432566;336.0992;0.004430389
C:\Users\OZKANB\RoboND-Python-StarterKit\Udacity_Robotics_Project1\IMG\robocam_2017_09_05_15_03_31_695.jpg;3.676385;1;0;5.028028;75.39455;83.42285;1.427744;336.3123;0.0174502
C:\Users\OZKANB\RoboND-Python-StarterKit\Udacity_Robotics_Project1\IMG\robocam_2017_09_05_15_03_31_774.jpg;0.1138231;1;0;5.007937;75.76216;83.2612;1.456672;336.6749;0.0276261
C:\Users\OZKANB\RoboND-Python-StarterKit\Udacity_Robotics_Project1\IMG\robocam_2017_09_05_15_03_31_853.jpg;0;1;0;4.994479;76.13004;83.09949;1.493639;336.7173;0.01384144
C:\Users\OZKANB\RoboND-Python-StarterKit\Udacity_Robotics_Project1\IMG\robocam_2017_09_05_15_03_31_894.jpg;0;1;0;5.016518;76.31415;83.0187;1.516419;336.7109;-0.0004636013
C:\Users\OZKANB\RoboND-Python-StarterKit\Udacity_Robotics_Project1\IMG\robocam_2017_09_05_15_03_31_935.jpg;0;1;0;5.02169;76.49793;82.93838;1.5256;336.659;-0.001622959
C:\Users\OZKANB\RoboND-Python-StarterKit\Udacity_Robotics_Project1\IMG\robocam_2017_09_05_15_03_32_015.jpg;0;1;0;5.034276;76.86278;82.77888;1.378352;336.6122;-0.001202461
C:\Users\OZKANB\RoboND-Python-StarterKit\Udacity_Robotics_Project1\IMG\robocam_2017_09_05_15_03_32_055.jpg;0;1;0;5.008305;77.0458;82.69879;1.331841;336.589;-0.001263606
C:\Users\OZKANB\RoboND-Python-StarterKit\Udacity_Robotics_Project1\IMG\robocam_2017_09_05_15_03_32_134.jpg;3.598181;1;0;5.008849;77.4129;82.53971;1.275976;336.7853;0.001308039
C:\Users\OZKANB\RoboND-Python-StarterKit\Udacity_Robotics_Project1\IMG\robocam_2017_09_05_15_03_32_174.jpg;5.353053;1;0;5.005007;77.59725;82.4618;1.259812;337.0684;0.02692519
C:\Users\OZKANB\RoboND-Python-StarterKit\Udacity_Robotics_Project1\IMG\robocam_2017_09_05_15_03_32_214.jpg;7.153853;1;0;4.995305;77.7826;82.38532;1.250582;337.5314;0.07844276
C:\Users\OZKANB\RoboND-Python-StarterKit\Udacity_Robotics_Project1\IMG\robocam_2017_09_05_15_03_32_254.jpg;8.967178;1;0;5.014452;77.96877;82.31108;1.243736;338.1678;0.170258
C:\Users\OZKANB\RoboND-Python-StarterKit\Udacity_Robotics_Project1\IMG\robocam_2017_09_05_15_03_32_295.jpg;7.156994;1;0;5.017693;78.15482;82.23804;1.212945;338.7983;0.2570928
C:\Users\OZKANB\RoboND-Python-StarterKit\Udacity_Robotics_Project1\IMG\robocam_2017_09_05_15_03_32_335.jpg;5.336721;1;0;5.016225;78.34093;82.16548;1.14148;339.4495;0.294048
C:\Users\OZKANB\RoboND-Python-StarterKit\Udacity_Robotics_Project1\IMG\robocam_2017_09_05_15_03_32_411.jpg;1.74024;1;0;4.997766;78.71181;82.02609;0.9584763;340.1978;0.4205136
C:\Users\OZKANB\RoboND-Python-StarterKit\Udacity_Robotics_Project1\IMG\robocam_2017_09_05_15_03_32_452.jpg;0.08101154;1;0;5.01266;78.89845;81.95689;0.8761835;340.3907;0.4623779
C:\Users\OZKANB\RoboND-Python-StarterKit\Udacity_Robotics_Project1\IMG\robocam_2017_09_05_15_03_32_529.jpg;0;1;0;5.012318;79.27293;81.8201;0.743736;340.5258;0.5362448
C:\Users\OZKANB\RoboND-Python-StarterKit\Udacity_Robotics_Project1\IMG\robocam_2017_09_05_15_03_32_572.jpg;0;1;0;5.011672;79.46091;81.75226;0.7069808;340.5378;0.5716885
C:\Users\OZKANB\RoboND-Python-StarterKit\Udacity_Robotics_Project1\IMG\robocam_2017_09_05_15_03_32_612.jpg;0;1;0;5.00842;79.64919;81.68462;0.6865565;340.5307;0.6012608
C:\Users\OZKANB\RoboND-Python-StarterKit\Udacity_Robotics_Project1\IMG\robocam_2017_09_05_15_03_32_692.jpg;0;1;0;4.994875;80.0266;81.54896;0.6859102;340.4983;0.6101286
C:\Users\OZKANB\RoboND-Python-StarterKit\Udacity_Robotics_Project1\IMG\robocam_2017_09_05_15_03_32_773.jpg;0;1;0;5.028285;80.40424;81.41318;0.7263336;340.4185;0.56681
C:\Users\OZKANB\RoboND-Python-StarterKit\Udacity_Robotics_Project1\IMG\robocam_2017_09_05_15_03_32_813.jpg;0;1;0;5.011151;80.5935;81.34507;0.7684553;340.3929;0.5276181
C:\Users\OZKANB\RoboND-Python-StarterKit\Udacity_Robotics_Project1\IMG\robocam_2017_09_05_15_03_32_852.jpg;0;1;0;5.000162;80.78282;81.27691;0.8203129;340.347;0.4808794
C:\Users\OZKANB\RoboND-Python-StarterKit\Udacity_Robotics_Project1\IMG\robocam_2017_09_05_15_03_32_930.jpg;0;1;0;5.015902;81.16251;81.13979;0.964705;340.3108;0.359182
C:\Users\OZKANB\RoboND-Python-StarterKit\Udacity_Robotics_Project1\IMG\robocam_2017_09_05_15_03_33_009.jpg;0;1;0;5.015704;81.542;81.00224;1.130334;340.2348;0.2152309
C:\Users\OZKANB\RoboND-Python-StarterKit\Udacity_Robotics_Project1\IMG\robocam_2017_09_05_15_03_33_051.jpg;0;1;0;5.005157;81.73196;80.9332;1.22545;340.2017;0.1371309
C:\Users\OZKANB\RoboND-Python-StarterKit\Udacity_Robotics_Project1\IMG\robocam_2017_09_05_15_03_33_130.jpg;0;1;0;5.015155;82.11236;80.79487;1.423598;340.1553;-0.003294395
C:\Users\OZKANB\RoboND-Python-StarterKit\Udacity_Robotics_Project1\IMG\robocam_2017_09_05_15_03_33_170.jpg;0;1;0;5.019666;82.3028;80.72668;1.516119;340.1649;359.9939
C:\Users\OZKANB\RoboND-Python-StarterKit\Udacity_Robotics_Project1\IMG\robocam_2017_09_05_15_03_33_249.jpg;1.738706;1;0;5.019027;82.67925;80.59144;1.454905;340.2286;-0.003753224
C:\Users\OZKANB\RoboND-Python-StarterKit\Udacity_Robotics_Project1\IMG\robocam_2017_09_05_15_03_33_290.jpg;3.540282;1;0;5.006155;82.86719;80.52418;1.419507;340.4871;359.9919
C:\Users\OZKANB\RoboND-Python-StarterKit\Udacity_Robotics_Project1\IMG\robocam_2017_09_05_15_03_33_331.jpg;5.347899;1;0;4.980965;83.05629;80.45785;1.404455;340.7725;0.003666725
C:\Users\OZKANB\RoboND-Python-StarterKit\Udacity_Robotics_Project1\IMG\robocam_2017_09_05_15_03_33_411.jpg;1.745542;1;0;5.018085;83.43547;80.32687;1.395101;341.2841;0.04726008
C:\Users\OZKANB\RoboND-Python-StarterKit\Udacity_Robotics_Project1\IMG\robocam_2017_09_05_15_03_33_489.jpg;0;1;0;5.011802;83.81416;80.19676;1.39007;341.5419;0.08377866
C:\Users\OZKANB\RoboND-Python-StarterKit\Udacity_Robotics_Project1\IMG\robocam_2017_09_05_15_03_33_569.jpg;0;1;0;5.00349;84.19342;80.06641;1.379001;341.5829;0.06369813
C:\Users\OZKANB\RoboND-Python-StarterKit\Udacity_Robotics_Project1\IMG\robocam_2017_09_05_15_03_33_609.jpg;0;1;0;5.011911;84.3829;80.00151;1.364403;341.6915;0.03378742
C:\Users\OZKANB\RoboND-Python-StarterKit\Udacity_Robotics_Project1\IMG\robocam_2017_09_05_15_03_33_650.jpg;0;1;0;5.012687;84.57182;79.93697;1.337727;341.7417;0.006313242
C:\Users\OZKANB\RoboND-Python-StarterKit\Udacity_Robotics_Project1\IMG\robocam_2017_09_05_15_03_33_733.jpg;0;1;0;5.001929;84.95016;79.80832;1.269021;341.7494;359.9853
C:\Users\OZKANB\RoboND-Python-StarterKit\Udacity_Robotics_Project1\IMG\robocam_2017_09_05_15_03_33_813.jpg;0;1;0;5.006137;85.32943;79.67966;1.236593;341.721;359.9858
C:\Users\OZKANB\RoboND-Python-StarterKit\Udacity_Robotics_Project1\IMG\robocam_2017_09_05_15_03_33_853.jpg;0;1;0;5.015266;85.51928;79.61518;1.236209;341.722;359.9851
C:\Users\OZKANB\RoboND-Python-StarterKit\Udacity_Robotics_Project1\IMG\robocam_2017_09_05_15_03_33_933.jpg;0;1;0;5.014431;85.8993;79.48599;1.253724;341.6875;359.985
C:\Users\OZKANB\RoboND-Python-StarterKit\Udacity_Robotics_Project1\IMG\robocam_2017_09_05_15_03_34_012.jpg;0;1;0;5.013813;86.27965;79.35648;1.294524;341.6536;359.9846
C:\Users\OZKANB\RoboND-Python-StarterKit\Udacity_Robotics_Project1\IMG\robocam_2017_09_05_15_03_34_052.jpg;0;1;0;5.008404;86.46987;79.29163;1.319597;341.6238;359.9849
C:\Users\OZKANB\RoboND-Python-StarterKit\Udacity_Robotics_Project1\IMG\robocam_2017_09_05_15_03_34_093.jpg;0;1;0;5.013309;86.66018;79.22665;1.350773;341.6196;359.9841
C:\Users\OZKANB\RoboND-Python-StarterKit\Udacity_Robotics_Project1\IMG\robocam_2017_09_05_15_03_34_170.jpg;0;1;0;5.012888;87.04079;79.09653;1.415525;341.5851;359.9834
C:\Users\OZKANB\RoboND-Python-StarterKit\Udacity_Robotics_Project1\IMG\robocam_2017_09_05_15_03_34_210.jpg;0;1;0;5.009222;87.23106;79.03138;1.447793;341.5563;359.9835
C:\Users\OZKANB\RoboND-Python-StarterKit\Udacity_Robotics_Project1\IMG\robocam_2017_09_05_15_03_34_251.jpg;0;1;0;5.012576;87.42136;78.96613;1.482948;341.5495;359.9827
C:\Users\OZKANB\RoboND-Python-StarterKit\Udacity_Robotics_Project1\IMG\robocam_2017_09_05_15_03_34_330.jpg;0;1;0;5.012298;87.80036;78.83562;1.48632;341.1863;-0.000314935
C:\Users\OZKANB\RoboND-Python-StarterKit\Udacity_Robotics_Project1\IMG\robocam_2017_09_05_15_03_34_373.jpg;0;1;0;5.051611;87.99049;78.76978;1.52557;341.1426;-0.0005221075
C:\Users\OZKANB\RoboND-Python-StarterKit\Udacity_Robotics_Project1\IMG\robocam_2017_09_05_15_03_34_452.jpg;0;1;0;5.009398;88.36798;78.63894;1.443807;341.0793;-0.001183012
C:\Users\OZKANB\RoboND-Python-StarterKit\Udacity_Robotics_Project1\IMG\robocam_2017_09_05_15_03_34_492.jpg;0;1;0;4.975945;88.55682;78.57333;1.405845;341.054;-0.001476726
C:\Users\OZKANB\RoboND-Python-StarterKit\Udacity_Robotics_Project1\IMG\robocam_2017_09_05_15_03_34_533.jpg;0;1;0;5.013298;88.74581;78.50758;1.376804;341.0306;-0.001422904
C:\Users\OZKANB\RoboND-Python-StarterKit\Udacity_Robotics_Project1\IMG\robocam_2017_09_05_15_03_34_573.jpg;0;1;0;5.013942;88.93497;78.4417;1.35856;341.0102;-0.001507067
C:\Users\OZKANB\RoboND-Python-StarterKit\Udacity_Robotics_Project1\IMG\robocam_2017_09_05_15_03_34_653.jpg;0;1;0;5.022694;89.31331;78.30968;1.342724;340.9421;-0.001310422
C:\Users\OZKANB\RoboND-Python-StarterKit\Udacity_Robotics_Project1\IMG\robocam_2017_09_05_15_03_34_695.jpg;0;1;0;5.015872;89.50274;78.24346;1.348973;340.9192;-0.001343252
C:\Users\OZKANB\RoboND-Python-StarterKit\Udacity_Robotics_Project1\IMG\robocam_2017_09_05_15_03_34_769.jpg;0;1;0;5.005348;89.88171;78.11069;1.378203;340.8671;-0.000961147
C:\Users\OZKANB\RoboND-Python-StarterKit\Udacity_Robotics_Project1\IMG\robocam_2017_09_05_15_03_34_812.jpg;0;1;0;4.998148;90.07151;78.04404;1.402274;340.8461;-0.001519105
C:\Users\OZKANB\RoboND-Python-StarterKit\Udacity_Robotics_Project1\IMG\robocam_2017_09_05_15_03_34_853.jpg;0;1;0;5.014277;90.26122;77.97733;1.429844;340.8254;-0.001581414
C:\Users\OZKANB\RoboND-Python-StarterKit\Udacity_Robotics_Project1\IMG\robocam_2017_09_05_15_03_34_931.jpg;0;1;0;5.021239;90.64082;77.84354;1.495337;340.7924;-0.002149307
C:\Users\OZKANB\RoboND-Python-StarterKit\Udacity_Robotics_Project1\IMG\robocam_2017_09_05_15_03_34_972.jpg;0;1;0;5.029901;90.82977;77.77679;1.516829;340.731;-0.001547046
C:\Users\OZKANB\RoboND-Python-StarterKit\Udacity_Robotics_Project1\IMG\robocam_2017_09_05_15_03_35_012.jpg;0;1;0;5.011011;91.01896;77.70985;1.511198;340.6713;-0.0005823695
C:\Users\OZKANB\RoboND-Python-StarterKit\Udacity_Robotics_Project1\IMG\robocam_2017_09_05_15_03_35_052.jpg;0;1;0;5.020562;91.20776;77.64288;1.50456;340.6914;-0.001554991
C:\Users\OZKANB\RoboND-Python-StarterKit\Udacity_Robotics_Project1\IMG\robocam_2017_09_05_15_03_35_131.jpg;0;1;0;5.009551;91.58595;77.50845;1.514923;340.6378;-0.001550728
C:\Users\OZKANB\RoboND-Python-StarterKit\Udacity_Robotics_Project1\IMG\robocam_2017_09_05_15_03_35_172.jpg;0;1;0;5.007085;91.77435;77.4413;1.479437;340.6015;-0.004014608
C:\Users\OZKANB\RoboND-Python-StarterKit\Udacity_Robotics_Project1\IMG\robocam_2017_09_05_15_03_35_252.jpg;0;1;0;4.983939;92.15005;77.30723;1.358062;340.5461;-0.001479471
C:\Users\OZKANB\RoboND-Python-StarterKit\Udacity_Robotics_Project1\IMG\robocam_2017_09_05_15_03_35_293.jpg;0;1;0;5.013542;92.33829;77.2399;1.319205;340.5243;-0.001370457
C:\Users\OZKANB\RoboND-Python-StarterKit\Udacity_Robotics_Project1\IMG\robocam_2017_09_05_15_03_35_373.jpg;0;1;0;5.017116;92.71538;77.10479;1.279627;340.4928;-0.001797482
C:\Users\OZKANB\RoboND-Python-StarterKit\Udacity_Robotics_Project1\IMG\robocam_2017_09_05_15_03_35_455.jpg;0;1;0;5.015545;93.0925;76.96937;1.271157;340.4132;-0.001267792
C:\Users\OZKANB\RoboND-Python-StarterKit\Udacity_Robotics_Project1\IMG\robocam_2017_09_05_15_03_35_530.jpg;0;1;0;5.004668;93.47027;76.83337;1.299975;340.3622;-0.0008760905
C:\Users\OZKANB\RoboND-Python-StarterKit\Udacity_Robotics_Project1\IMG\robocam_2017_09_05_15_03_35_609.jpg;0;1;0;5.014372;93.84866;76.69675;1.35584;340.3232;-0.001552382
C:\Users\OZKANB\RoboND-Python-StarterKit\Udacity_Robotics_Project1\IMG\robocam_2017_09_05_15_03_35_649.jpg;0;1;0;5.017025;94.03792;76.62828;1.390633;340.3057;-0.001714936
C:\Users\OZKANB\RoboND-Python-StarterKit\Udacity_Robotics_Project1\IMG\robocam_2017_09_05_15_03_35_689.jpg;0;1;0;5.022324;94.2268;76.55984;1.4202;340.2702;-0.001490133
C:\Users\OZKANB\RoboND-Python-StarterKit\Udacity_Robotics_Project1\IMG\robocam_2017_09_05_15_03_35_769.jpg;0;1;0;5.008646;94.60509;76.42245;1.496091;340.2237;-0.001430772
C:\Users\OZKANB\RoboND-Python-StarterKit\Udacity_Robotics_Project1\IMG\robocam_2017_09_05_15_03_35_851.jpg;0;1;0;5.004212;94.98112;76.28545;1.445682;340.1875;-0.001585802
C:\Users\OZKANB\RoboND-Python-StarterKit\Udacity_Robotics_Project1\IMG\robocam_2017_09_05_15_03_35_893.jpg;0;1;0;4.986565;95.16913;76.2168;1.417649;340.164;-0.001474918
C:\Users\OZKANB\RoboND-Python-StarterKit\Udacity_Robotics_Project1\IMG\robocam_2017_09_05_15_03_35_935.jpg;0;1;0;5.013684;95.35722;76.14806;1.397436;340.1408;-0.001405676
C:\Users\OZKANB\RoboND-Python-StarterKit\Udacity_Robotics_Project1\IMG\robocam_2017_09_05_15_03_36_010.jpg;0;1;0;5.017401;95.73384;76.01019;1.384745;340.1001;-0.001635241
C:\Users\OZKANB\RoboND-Python-StarterKit\Udacity_Robotics_Project1\IMG\robocam_2017_09_05_15_03_36_052.jpg;0;1;0;5.023301;95.92188;75.94123;1.381994;340.0633;-0.001354959
C:\Users\OZKANB\RoboND-Python-StarterKit\Udacity_Robotics_Project1\IMG\robocam_2017_09_05_15_03_36_092.jpg;0;1;0;5.015676;96.11033;75.87204;1.391846;340.0402;-0.001372739
C:\Users\OZKANB\RoboND-Python-StarterKit\Udacity_Robotics_Project1\IMG\robocam_2017_09_05_15_03_36_171.jpg;-1.773088;1;0;5.005825;96.48717;75.73302;1.425146;339.9243;-0.0008151259
C:\Users\OZKANB\RoboND-Python-StarterKit\Udacity_Robotics_Project1\IMG\robocam_2017_09_05_15_03_36_251.jpg;-5.340121;1;0;4.98521;96.86306;75.591;1.47078;339.3763;-0.0004206221
C:\Users\OZKANB\RoboND-Python-StarterKit\Udacity_Robotics_Project1\IMG\robocam_2017_09_05_15_03_36_291.jpg;-7.146739;1;0;5.013919;97.05045;75.51808;1.497653;338.8941;-0.0005537012
C:\Users\OZKANB\RoboND-Python-StarterKit\Udacity_Robotics_Project1\IMG\robocam_2017_09_05_15_03_36_332.jpg;-8.960157;1;0;5.01578;97.23716;75.4434;1.524556;338.263;359.9905
C:\Users\OZKANB\RoboND-Python-StarterKit\Udacity_Robotics_Project1\IMG\robocam_2017_09_05_15_03_36_373.jpg;-10.78784;1;0;5.020119;97.42178;75.36733;1.464372;337.4262;359.9779
C:\Users\OZKANB\RoboND-Python-StarterKit\Udacity_Robotics_Project1\IMG\robocam_2017_09_05_15_03_36_453.jpg;-14.39315;1;0;5.009835;97.78413;75.20607;1.24815;335.2225;359.7948
C:\Users\OZKANB\RoboND-Python-StarterKit\Udacity_Robotics_Project1\IMG\robocam_2017_09_05_15_03_36_530.jpg;-15;1;0;5.005981;98.13771;75.03159;0.8812549;332.393;359.487
C:\Users\OZKANB\RoboND-Python-StarterKit\Udacity_Robotics_Project1\IMG\robocam_2017_09_05_15_03_36_612.jpg;-15;1;0;5.009431;98.4798;74.84334;0.3340804;329.5283;359.0539
C:\Users\OZKANB\RoboND-Python-StarterKit\Udacity_Robotics_Project1\IMG\robocam_2017_09_05_15_03_36_652.jpg;-15;1;0;5.010608;98.64642;74.74387;0.007130611;328.1047;358.7953
C:\Users\OZKANB\RoboND-Python-StarterKit\Udacity_Robotics_Project1\IMG\robocam_2017_09_05_15_03_36_731.jpg;-15;1;0;5.001549;98.9808;74.53536;359.7202;325.6351;358.5029
C:\Users\OZKANB\RoboND-Python-StarterKit\Udacity_Robotics_Project1\IMG\robocam_2017_09_05_15_03_36_810.jpg;-15;1;0;5.000604;99.31449;74.31241;359.8544;323.3626;358.5149
C:\Users\OZKANB\RoboND-Python-StarterKit\Udacity_Robotics_Project1\IMG\robocam_2017_09_05_15_03_36_851.jpg;-15;1;0;5.000735;99.47978;74.19465;0.04868992;322.201;358.6031
C:\Users\OZKANB\RoboND-Python-StarterKit\Udacity_Robotics_Project1\IMG\robocam_2017_09_05_15_03_36_930.jpg;-13.21585;1;0;5.004177;99.79764;73.95135;0.07044523;319.3917;358.9024
C:\Users\OZKANB\RoboND-Python-StarterKit\Udacity_Robotics_Project1\IMG\robocam_2017_09_05_15_03_36_973.jpg;-11.4226;1;0;5.013917;99.94972;73.82118;0.05337223;317.8928;358.9138
C:\Users\OZKANB\RoboND-Python-StarterKit\Udacity_Robotics_Project1\IMG\robocam_2017_09_05_15_03_37_049.jpg;-7.81014;1;0;5.009869;100.2436;73.55157;359.9857;315.704;358.8162
C:\Users\OZKANB\RoboND-Python-StarterKit\Udacity_Robotics_Project1\IMG\robocam_2017_09_05_15_03_37_090.jpg;-6.086842;1;0;5.009822;100.3887;73.41294;0.01359923;314.9323;358.8055
C:\Users\OZKANB\RoboND-Python-StarterKit\Udacity_Robotics_Project1\IMG\robocam_2017_09_05_15_03_37_171.jpg;-2.451453;1;0;5.012862;100.6744;73.13203;0.02247514;313.8849;358.9089
C:\Users\OZKANB\RoboND-Python-StarterKit\Udacity_Robotics_Project1\IMG\robocam_2017_09_05_15_03_37_212.jpg;-0.6074964;1;0;5.013666;100.815;72.98888;0.03863702;313.6066;358.9424
C:\Users\OZKANB\RoboND-Python-StarterKit\Udacity_Robotics_Project1\IMG\robocam_2017_09_05_15_03_37_290.jpg;0;1;0;5.011667;101.094;72.69999;0.0831332;313.3754;359.0167
C:\Users\OZKANB\RoboND-Python-StarterKit\Udacity_Robotics_Project1\IMG\robocam_2017_09_05_15_03_37_332.jpg;0;1;0;5.011647;101.233;72.55444;0.1267066;313.3339;359.055
C:\Users\OZKANB\RoboND-Python-StarterKit\Udacity_Robotics_Project1\IMG\robocam_2017_09_05_15_03_37_415.jpg;-3.668699;1;0;5.01921;101.5093;72.26021;0.2812774;313.0341;359.0978
C:\Users\OZKANB\RoboND-Python-StarterKit\Udacity_Robotics_Project1\IMG\robocam_2017_09_05_15_03_37_492.jpg;-7.30056;1;0;5.011242;101.7812;71.96313;0.4046812;312.191;359.1434
C:\Users\OZKANB\RoboND-Python-StarterKit\Udacity_Robotics_Project1\IMG\robocam_2017_09_05_15_03_37_533.jpg;-9.083642;1;0;5.004456;101.9145;71.81263;0.4448424;311.4971;359.1458
C:\Users\OZKANB\RoboND-Python-StarterKit\Udacity_Robotics_Project1\IMG\robocam_2017_09_05_15_03_37_609.jpg;-9.164968;1;0;5.018137;102.1731;71.50838;0.395194;309.7997;359.1275
C:\Users\OZKANB\RoboND-Python-StarterKit\Udacity_Robotics_Project1\IMG\robocam_2017_09_05_15_03_37_649.jpg;-7.435555;1;0;5.004926;102.3004;71.35356;0.3741221;308.7991;359.1118
C:\Users\OZKANB\RoboND-Python-StarterKit\Udacity_Robotics_Project1\IMG\robocam_2017_09_05_15_03_37_691.jpg;-5.623023;1;0;5.006306;102.425;71.19913;0.2889572;308.0817;359.1081
C:\Users\OZKANB\RoboND-Python-StarterKit\Udacity_Robotics_Project1\IMG\robocam_2017_09_05_15_03_37_732.jpg;-3.751318;1;0;5.007521;102.548;71.04286;0.2071094;307.5375;359.0774
C:\Users\OZKANB\RoboND-Python-StarterKit\Udacity_Robotics_Project1\IMG\robocam_2017_09_05_15_03_37_813.jpg;-0.1447675;1;0;5.010956;102.7914;70.72717;0.08645903;306.9492;359.0008
C:\Users\OZKANB\RoboND-Python-StarterKit\Udacity_Robotics_Project1\IMG\robocam_2017_09_05_15_03_37_893.jpg;0;0.758227;0;5.009514;103.0332;70.40933;0.01228145;306.7823;358.9662
C:\Users\OZKANB\RoboND-Python-StarterKit\Udacity_Robotics_Project1\IMG\robocam_2017_09_05_15_03_37_933.jpg;0;0.63582;0;5.007371;103.1537;70.24976;359.9939;306.7561;358.9577
